t,theta_num,theta_small,error
0.000000000000000000e+00,5.000000000000000000e-01,5.000000000000000000e-01,0.000000000000000000e+00
2.005012531328320691e-02,4.998109401525197559e-01,4.998028282692091318e-01,8.111883310624179444e-06
4.010025062656641381e-02,4.992438914801011207e-01,4.992114685836021581e-01,3.242289649896257231e-05
6.015037593984962072e-02,4.982992465832713491e-01,4.982263873408300237e-01,7.285924244132546690e-05
8.020050125313282763e-02,4.969776597636224036e-01,4.968483614615871735e-01,1.292983020352300727e-04
1.002506265664160345e-01,4.952800469729257138e-01,4.950784777768643119e-01,2.015691960614018896e-04
1.203007518796992414e-01,4.932075857380728290e-01,4.929181321707791774e-01,2.894535672936515702e-04
1.403508771929824483e-01,4.907617150579777765e-01,4.903690284796606846e-01,3.926865783170918611e-04
1.604010025062656553e-01,4.879441352675735755e-01,4.874331771482559028e-01,5.109581193176726543e-04
1.804511278195488622e-01,4.847568078629941879e-01,4.841128936441182473e-01,6.439142188759405805e-04
2.005012531328320691e-01,4.812019552810032907e-01,4.804107966314285494e-01,7.911586495747413572e-04
2.205513784461152760e-01,4.772820606246961916e-01,4.763298059056891298e-01,9.522547190070618228e-04
2.406015037593984829e-01,4.729998673264294018e-01,4.718731400909187967e-01,1.126727235510605052e-03
2.606516290726816898e-01,4.683583787388113651e-01,4.670443141011667021e-01,1.314064637644662970e-03
2.807017543859648967e-01,4.633608576456962336e-01,4.618471363683451236e-01,1.513721277351109951e-03
3.007518796992481036e-01,4.580108256772278952e-01,4.562857058385692555e-01,1.725119838658639715e-03
3.208020050125313105e-01,4.523120626196172056e-01,4.503644087393720574e-01,1.947653880245148184e-03
3.408521303258145174e-01,4.462686056051241024e-01,4.440879151203438457e-01,2.180690484780256622e-03
3.609022556390977243e-01,4.398847481729075137e-01,4.374611751699252760e-01,2.423573002982237767e-03
3.809523809523809312e-01,4.331650391957064250e-01,4.304894153112584498e-01,2.675623884447975165e-03
4.010025062656641381e-01,4.261142816366988439e-01,4.231781340801752389e-01,2.936147556523605040e-03
4.210526315789473450e-01,4.187375311333963457e-01,4.155330977885742794e-01,3.204433344822066321e-03
4.411027568922305520e-01,4.110400943970470289e-01,4.075603359766058476e-01,3.479758420441181332e-03
4.611528822055137589e-01,4.030275274379286898e-01,3.992661366572525239e-01,3.761390780676165946e-03
4.812030075187969658e-01,3.947056335488816070e-01,3.906570413570555900e-01,4.048592191826017039e-03
5.012531328320801727e-01,3.860804610556067273e-01,3.817398399568985856e-01,4.340621098708141723e-03
5.213032581453633796e-01,3.771583008489930999e-01,3.725215653369170488e-01,4.636735512076051169e-03
5.413533834586465865e-01,3.679456836805169440e-01,3.630094878297578376e-01,4.936195850759106385e-03
5.614035087719297934e-01,3.584493771488040381e-01,3.532111094865629797e-01,5.238267662241058442e-03
5.814536340852130003e-01,3.486763824072686702e-01,3.431341581601999868e-01,5.542224247068683329e-03
6.015037593984962072e-01,3.386339306492696100e-01,3.327865814104054021e-01,5.847349238864207877e-03
6.215538847117794141e-01,3.283294792432279174e-01,3.221765402356480679e-01,6.152939007579849573e-03
6.416040100250626210e-01,3.177707075381617230e-01,3.113124026366567709e-01,6.458304901504952067e-03
6.616541353383458279e-01,3.069655123962716781e-01,3.002027370166873710e-01,6.762775379584307078e-03
6.817042606516290348e-01,2.959220034230542473e-01,2.888563054237349714e-01,7.065697999319275890e-03
7.017543859649122417e-01,2.846484978102153396e-01,2.772820566400215347e-01,7.366441170193804844e-03
7.218045112781954487e-01,2.731535148486119446e-01,2.654891191242081949e-01,7.664395724403749721e-03
7.418546365914786556e-01,2.614457701731455197e-01,2.534867938118994246e-01,7.958976361246095088e-03
7.619047619047618625e-01,2.495341696227505457e-01,2.412845467801165988e-01,8.249622842633946851e-03
7.819548872180450694e-01,2.374278027516997791e-01,2.288920017815267438e-01,8.535800970173035296e-03
8.020050125313282763e-01,2.251359360111061247e-01,2.163189326543151492e-01,8.817003356790975577e-03
8.220551378446114832e-01,2.126680056453276735e-01,2.035752556136864178e-01,9.092750031641255726e-03
8.421052631578946901e-01,2.000336102168393249e-01,1.906710214310753937e-01,9.362588785763931165e-03
8.621553884711778970e-01,1.872425028166320726e-01,1.776164075072355353e-01,9.626095309396537347e-03
8.822055137844611039e-01,1.743045829616839959e-01,1.644217098454554271e-01,9.882873116228568788e-03
9.022556390977443108e-01,1.612298882052619342e-01,1.510973349312359493e-01,1.013255327402598494e-02
9.223057644110275177e-01,1.480285854623593911e-01,1.376537915248313981e-01,1.037479393752799295e-02
9.423558897243107246e-01,1.347109620370435246e-01,1.241016823731273672e-01,1.060927966391615740e-02
9.624060150375939315e-01,1.212874164006942090e-01,1.104516958473929361e-01,1.083572055330127293e-02
9.824561403508771384e-01,1.077684487224150889e-01,9.671459751350253153e-02,1.105385120891255735e-02
1.002506265664160345e+00,9.416465117442032740e-02,8.290122164127421145e-02,1.126342953314611595e-02
1.022556390977443552e+00,8.048669802997650280e-02,6.902246265962301564e-02,1.146423537035348716e-02
1.042606516290726759e+00,6.674533557333769962e-02,5.508926656426775537e-02,1.165606900906994425e-02
1.062656641604009966e+00,5.295137184296021954e-02,4.111262228476657288e-02,1.183874955819364666e-02
1.082706766917293173e+00,3.911566623084185290e-02,2.710355301769244024e-02,1.201211321314941266e-02
1.102756892230576380e+00,2.524911896192914493e-02,1.307310753278186945e-02,1.217601142914727548e-02
1.122807017543859587e+00,1.136266047797918413e-02,-9.676485410848057475e-04,1.233030901906398934e-02
1.142857142857142794e+00,-2.532759250109101710e-03,-1.500764144320090865e-02,1.247488219309180607e-02
1.162907268170426001e+00,-1.642618145806069851e-02,-2.903579801476334141e-02,1.260961655670264289e-02
1.182957393483709208e+00,-3.030664934304437216e-02,-4.304105443212780102e-02,1.273440508908342886e-02
1.203007518796992414e+00,-4.416321881199620353e-02,-5.701236493270247369e-02,1.284914612070627016e-02
1.223057644110275621e+00,-5.798496920217945799e-02,-7.093871052659621312e-02,1.295374132441675513e-02
1.243107769423558828e+00,-7.176101394820097457e-02,-8.480910768715141379e-02,1.304809373895043922e-02
1.263157894736842035e+00,-8.548051116520501147e-02,-9.861261701350861053e-02,1.313210584830359906e-02
1.283208020050125242e+00,-9.913267412796104849e-02,-1.123383518583684071e-01,1.320567773040735859e-02
1.303258145363408449e+00,-1.127067816213767892e-01,-1.259754869141476719e-01,1.326870529277088262e-02
1.323308270676691656e+00,-1.261921881391680489e-01,-1.395132667507585633e-01,1.332107861159051443e-02
1.343358395989974863e+00,-1.395783339087059149e-01,-1.529410142982754461e-01,1.336268038956953119e-02
1.363408521303258070e+00,-1.528547547213670588e-01,-1.662481392677997716e-01,1.339338454643271281e-02
1.383458646616541277e+00,-1.660110915481502469e-01,-1.794241465038833305e-01,1.341305495573308360e-02
1.403508771929824483e+00,-1.790370999164634658e-01,-1.924586442619195814e-01,1.342154434545611563e-02
1.423558897243107690e+00,-1.919226590426743040e-01,-2.053413524039765792e-01,1.341869336130227519e-02
1.443609022556390897e+00,-2.046577806924670118e-01,-2.180621105066079535e-01,1.340432981414094171e-02
1.463659147869674104e+00,-2.172326177628593757e-01,-2.306108858742452195e-01,1.337826811138584371e-02
1.483709273182957311e+00,-2.296374725750055801e-01,-2.429777814518542800e-01,1.334030887684869993e-02
1.503759398496240518e+00,-2.418628048625308391e-01,-2.551530436306130301e-01,1.329023876808219096e-02
1.523809523809523725e+00,-2.538992394221408211e-01,-2.671270699404548754e-01,1.322783051831405432e-02
1.543859649122806932e+00,-2.657375734637031361e-01,-2.788904166234117410e-01,1.315284315970860485e-02
1.563909774436090139e+00,-2.773687836297096809e-01,-2.904338060817822087e-01,1.306502245207252777e-02
1.583959899749373346e+00,-2.887840326973345473e-01,-3.017481341952512608e-01,1.296410149791671351e-02
1.604010025062656553e+00,-2.999746759120291428e-01,-3.128244775011914669e-01,1.284980158916232407e-02
1.624060150375939759e+00,-3.109322669827326857e-01,-3.236541002324809790e-01,1.272183324974829333e-02
1.644110275689222966e+00,-3.216485637724357805e-01,-3.342284612072889405e-01,1.257989743485316003e-02
1.664160401002506173e+00,-3.321155336642745426e-01,-3.445392205653936002e-01,1.242368690111905760e-02
1.684210526315789380e+00,-3.423253585403560617e-01,-3.545782463457215483e-01,1.225288780536548661e-02
1.704260651629072587e+00,-3.522704394530190020e-01,-3.643376208999182242e-01,1.206718144689922223e-02
1.724310776942355794e+00,-3.619434010196173057e-01,-3.738096471368945739e-01,1.186624611727726819e-02
1.744360902255639001e+00,-3.713370954862223461e-01,-3.829868545934216884e-01,1.164975910719934227e-02
1.764411027568922208e+00,-3.804446064208040768e-01,-3.918620053259874170e-01,1.141739890518334022e-02
1.784461152882205415e+00,-3.892592521927196181e-01,-4.004280996192679520e-01,1.116884742654833396e-02
1.804511278195488622e+00,-3.977745891681329637e-01,-4.086783815067116521e-01,1.090379233857868835e-02
1.824561403508771829e+00,-4.059844145719381792e-01,-4.166063440988811983e-01,1.062192952694301917e-02
1.844611528822055035e+00,-4.138827691101493178e-01,-4.242057347153530000e-01,1.032296560520368223e-02
1.864661654135338242e+00,-4.214639393896304487e-01,-4.314705598161238109e-01,1.000662042649336225e-02
1.884711779448621449e+00,-4.287224600668604890e-01,-4.383950897286376103e-01,9.672629661777121246e-03
1.904761904761904656e+00,-4.356531157420145961e-01,-4.449738631667033428e-01,9.320747424688746730e-03
1.924812030075187863e+00,-4.422509427032680351e-01,-4.512016915377400350e-01,8.950748834471999871e-03
1.944862155388471070e+00,-4.485112304635421321e-01,-4.570736630349515051e-01,8.562432571409372972e-03
1.964912280701754277e+00,-4.544295230945769593e-01,-4.625851465112048588e-01,8.155623416627899580e-03
1.984962406015037484e+00,-4.600016203964557016e-01,-4.677317951315551059e-01,7.730174735099404337e-03
2.005012531328320691e+00,-4.652235789416279688e-01,-4.725095498015373097e-01,7.285970859909340902e-03
2.025062656641603898e+00,-4.700917129642139813e-01,-4.769146423685211578e-01,6.822929404307176426e-03
2.045112781954887105e+00,-4.746025951183832636e-01,-4.809435985936038049e-01,6.341003475220541308e-03
2.065162907268170311e+00,-4.787530571231741749e-01,-4.845932408916963641e-01,5.840183768522189123e-03
2.085213032581453518e+00,-4.825401903179530327e-01,-4.878606908376442175e-01,5.320500519691184760e-03
2.105263157894736725e+00,-4.859613461228938225e-01,-4.907433714364028976e-01,4.782025313509075115e-03
2.125313283208019932e+00,-4.890141364187750028e-01,-4.932390091554804679e-01,4.224872736705465037e-03
2.145363408521303139e+00,-4.916964338589892569e-01,-4.953456357180429648e-01,3.649201859053707864e-03
2.165413533834586346e+00,-4.940063721230373850e-01,-4.970615896552685320e-01,3.055217532231147004e-03
2.185463659147869553e+00,-4.959423461199691796e-01,-4.983855176167261147e-01,2.443171496756935124e-03
2.205513784461152760e+00,-4.975030121489055768e-01,-4.993163754377452634e-01,1.813363288839686671e-03
2.225563909774435967e+00,-4.986872880222425475e-01,-4.998534289629352756e-01,1.166140940692728112e-03
2.245614035087719174e+00,-4.994943531578961426e-01,-4.999962546252037510e-01,5.019014673076083177e-04
2.265664160401002380e+00,-4.999236486451372197e-01,-4.997447397798185920e-01,-1.789088653186277078e-04
2.285714285714285587e+00,-4.999748772874050284e-01,-4.990990827932492713e-01,-8.757944941557571639e-04
2.305764411027568794e+00,-4.996480036242879064e-01,-4.980597928867180335e-01,-1.588210737569872855e-03
2.325814536340852001e+00,-4.989432539341613349e-01,-4.966276897345834329e-01,-2.315564199577901938e-03
2.345864661654135208e+00,-4.978611162175872185e-01,-4.948039028178743415e-01,-3.057213399712876978e-03
2.365914786967418415e+00,-4.964023401602404295e-01,-4.925898705334824657e-01,-3.812469626757963859e-03
2.385964912280701622e+00,-4.945679370735979186e-01,-4.899873390597179745e-01,-4.580598013879944030e-03
2.406015037593984829e+00,-4.923591798101563666e-01,-4.869983609791214141e-01,-5.360818831034952492e-03
2.426065162907268036e+00,-4.897776026489549794e-01,-4.836252936596184826e-01,-6.152308989336496836e-03
2.446115288220551243e+00,-4.868250011461596749e-01,-4.798707973952951455e-01,-6.954203750864529354e-03
2.466165413533834450e+00,-4.835034319444283524e-01,-4.757378333082580846e-01,-7.765598636170267799e-03
2.486215538847117656e+00,-4.798152125337486473e-01,-4.712296610132366004e-01,-8.585551520512046952e-03
2.506265664160400863e+00,-4.757629209554075089e-01,-4.663498360467672188e-01,-9.413084908640290127e-03
2.526315789473684070e+00,-4.713493954396617003e-01,-4.611022070629882674e-01,-1.024718837667343285e-02
2.546365914786967277e+00,-4.665777339684455405e-01,-4.554909127982568195e-01,-1.108682117018872093e-02
2.566416040100250484e+00,-4.614512937534673842e-01,-4.495203788069816464e-01,-1.193091494648573780e-02
2.586466165413533691e+00,-4.559736906140723911e-01,-4.431953139712458967e-01,-1.277837664282649444e-02
2.606516290726816898e+00,-4.501487982453012959e-01,-4.365207067869736335e-01,-1.362809145832766244e-02
2.626566416040100105e+00,-4.439807473609725386e-01,-4.295018214295683867e-01,-1.447892593140415185e-02
2.646616541353383312e+00,-4.374739247068927250e-01,-4.221441936021267383e-01,-1.532973110476598677e-02
2.666666666666666519e+00,-4.306329719295408642e-01,-4.144536261695015433e-01,-1.617934576003932090e-02
2.686716791979949726e+00,-4.234627842714020485e-01,-4.064361845816588104e-01,-1.702659968974323812e-02
2.706766917293232932e+00,-4.159685090868659452e-01,-3.980981920899361315e-01,-1.787031699692981368e-02
2.726817042606516139e+00,-4.081555441782084293e-01,-3.894462247599770333e-01,-1.870931941823139599e-02
2.746867167919799346e+00,-4.000295359403070461e-01,-3.804871062852743235e-01,-1.954242965503272256e-02
2.766917293233082553e+00,-3.915963772603199278e-01,-3.712279026054120523e-01,-2.036847465490787545e-02
2.786967418546365760e+00,-3.828622051802247350e-01,-3.616759163332513571e-01,-2.118628884697337789e-02
2.807017543859648967e+00,-3.738333983536934468e-01,-3.518386809954555661e-01,-2.199471735823788077e-02
2.827067669172932174e+00,-3.645165742312945767e-01,-3.417239550908955370e-01,-2.279261914039903969e-02
2.847117794486215381e+00,-3.549185859443216851e-01,-3.313397159716235940e-01,-2.357886997269809104e-02
2.867167919799498588e+00,-3.450465189209350192e-01,-3.206941535512399244e-01,-2.435236536969509480e-02
2.887218045112781795e+00,-3.349076872649368042e-01,-3.097956638456155765e-01,-2.511202341932122772e-02
2.907268170426065002e+00,-3.245096297656729911e-01,-2.986528423510634300e-01,-2.585678741460956109e-02
2.927318295739348208e+00,-3.138601055903681436e-01,-2.872744772651834033e-01,-2.658562832518474028e-02
2.947368421052631415e+00,-3.029670897231734883e-01,-2.756695425557256218e-01,-2.729754716744786647e-02
2.967418546365914622e+00,-2.918387680531731587e-01,-2.638471908829397305e-01,-2.799157717023342817e-02
2.987468671679197829e+00,-2.804835320958279921e-01,-2.518167463809909967e-01,-2.866678571483699534e-02
3.007518796992481036e+00,-2.689099733951307858e-01,-2.395876973041379809e-01,-2.932227609099280485e-02
3.027568922305764243e+00,-2.571268776498579212e-01,-2.271696885434703050e-01,-2.995718910638761612e-02
3.047619047619047450e+00,-2.451432184363598887e-01,-2.145725140201092951e-01,-3.057070441625059365e-02
3.067669172932330657e+00,-2.329681505992284296e-01,-2.018061089608702841e-01,-3.116204163835814556e-02
3.087719298245613864e+00,-2.206110033218073585e-01,-1.888805420624793119e-01,-3.173046125932804662e-02
3.107769423558897071e+00,-2.080812728999377470e-01,-1.758060075505232245e-01,-3.227526534941452252e-02
3.127819548872180277e+00,-1.953886151435821894e-01,-1.625928171393988542e-01,-3.279579800418333524e-02
3.147869674185463484e+00,-1.825428374742955051e-01,-1.492513918995962974e-01,-3.329144557469920773e-02
3.167919799498746691e+00,-1.695538907130502149e-01,-1.357922540387385968e-01,-3.376163667431161808e-02
3.187969924812029898e+00,-1.564318605884834901e-01,-1.222260186028536338e-01,-3.420584198562985623e-02
3.208020050125313105e+00,-1.431869589520622099e-01,-1.085633851044262438e-01,-3.462357384763596613e-02
3.228070175438596312e+00,-1.298295147123310622e-01,-9.481512908383263327e-02,-3.501438562849842895e-02
3.248120300751879519e+00,-1.163699645208233074e-01,-8.099209361081255443e-02,-3.537787091001075301e-02
3.268170426065162726e+00,-1.028188432181268291e-01,-6.710518073268197103e-02,-3.571366248544485811e-02
3.288220551378445933e+00,-8.918677406135268326e-02,-5.316534287603100206e-02,-3.602143118532168120e-02
3.308270676691729140e+00,-7.548445875116772952e-02,-3.918357420868820440e-02,-3.630088454247952512e-02
3.328320802005012347e+00,-6.172266727847208062e-02,-2.517090196876419980e-02,-3.655176530970788429e-02
3.348370927318295553e+00,-4.791222761255448798e-02,-1.113837776761275947e-02,-3.677384984494172504e-02
3.368421052631578760e+00,-3.406401525396998003e-02,2.902931126428809783e-03,-3.696694638039878938e-02
3.388471177944861967e+00,-2.018894267627829864e-02,1.694195051665212115e-02,-3.713089319293041979e-02
3.408521303258145174e+00,-6.297948680973546910e-03,3.096760801205006297e-02,-3.726555669302360901e-02
3.428571428571428381e+00,7.598012310591560625e-03,4.496884175996725130e-02,-3.737082944937569068e-02
3.448621553884711588e+00,2.148798100365318514e-02,5.893460917043853720e-02,-3.744662816678535205e-02
3.468671679197994795e+00,3.536100398418167562e-02,7.285389562533534091e-02,-3.749289164115366529e-02
3.488721804511278002e+00,4.920614446023035410e-02,8.671572316545092529e-02,-3.750957870522057119e-02
3.508771929824561209e+00,6.301249296690762669e-02,1.005091591486732550e-01,-3.749666618176562827e-02
3.528822055137844416e+00,7.676917800503663125e-02,1.142233248724168621e-01,-3.745414686738023080e-02
3.548872180451127623e+00,9.046537658915294877e-02,1.278474041535133110e-01,-3.738202756436036223e-02
3.568922305764410829e+00,1.040903246825474748e-01,1.413706518587934946e-01,-3.728032717624601977e-02
3.588972431077694036e+00,1.176333274950520508e-01,1.547824023796335602e-01,-3.714907488458150941e-02
3.609022556390977243e+00,1.310837696208004555e-01,1.680720780437813811e-01,-3.698830842298092558e-02
3.629072681704260450e+00,1.444311249944329745e-01,1.812291974578267018e-01,-3.679807246339372728e-02
3.649122807017543657e+00,1.576649666455694487e-01,1.942433837737416180e-01,-3.657841712817216928e-02
3.669172932330826864e+00,1.707749762306332575e-01,2.071043728729631828e-01,-3.632939664232992527e-02
3.689223057644110071e+00,1.837509533201404088e-01,2.198020214615698242e-01,-3.605106814142941540e-02
3.709273182957393278e+00,1.965828244360111610e-01,2.323263150701647961e-01,-3.574349063415363514e-02
3.729323308270676485e+00,2.092606518104831725e-01,2.446673759521571789e-01,-3.540672414167400639e-02
3.749373433583959692e+00,2.217746418636238614e-01,2.568154708742113601e-01,-3.504082901058749866e-02
3.769423558897242899e+00,2.341151533877778301e-01,2.687610187927209626e-01,-3.464586540494313249e-02
3.789473684210526105e+00,2.462727054168938889e-01,2.804945984102526491e-01,-3.422189299335876012e-02
3.809523809523809312e+00,2.582379847619917235e-01,2.920069556060000959e-01,-3.376897084400837246e-02
3.829573934837092519e+00,2.700018532439180663e-01,3.032890107343883535e-01,-3.328715749047028716e-02
3.849624060150375726e+00,2.815553545951643422e-01,3.143318657860715293e-01,-3.277651119090718712e-02
3.869674185463658933e+00,2.928897210389138639e-01,3.251268114056752867e-01,-3.223709036676142281e-02
3.889724310776942140e+00,3.039963794859614765e-01,3.356653337607534704e-01,-3.166895427479199387e-02
3.909774436090225347e+00,3.148669574225347878e-01,3.459391212565353091e-01,-3.107216383400052129e-02
3.929824561403508554e+00,3.254932884806845950e-01,3.559400710911713728e-01,-3.044678261048677781e-02
3.949874686716791761e+00,3.358674176778533305e-01,3.656602956463079201e-01,-2.979287796845458969e-02
3.969924812030074968e+00,3.459816062607138365e-01,3.750921287079481692e-01,-2.911052244723433269e-02
3.989974937343358175e+00,3.558283362830432783e-01,3.842281315126948593e-01,-2.839979522965158099e-02
4.010025062656641381e+00,3.654003148854870764e-01,3.930610986146058639e-01,-2.766078372911878747e-02
4.030075187969924144e+00,3.746904782228830388e-01,4.015840635680352766e-01,-2.689358534515223775e-02
4.050125313283207795e+00,3.836919950646616728e-01,4.097903044219777247e-01,-2.609830935731605184e-02
4.070175438596491446e+00,3.923982701789791583e-01,4.176733490215835953e-01,-2.527507884260443705e-02
4.090225563909774209e+00,4.008029474165749617e-01,4.252269801126619120e-01,-2.442403269608695027e-02
4.110275689223056972e+00,4.088999124616043424e-01,4.324452402451489097e-01,-2.354532778354456735e-02
4.130325814536340623e+00,4.166832953895259206e-01,4.393224364716706298e-01,-2.263914108214470922e-02
4.150375939849624274e+00,4.241474729910746921e-01,4.458531448374945527e-01,-2.170567184641986058e-02
4.170426065162907037e+00,4.312870708233504380e-01,4.520322146583338196e-01,-2.074514383498338166e-02
4.190476190476189799e+00,4.380969650402200544e-01,4.578547725826232484e-01,-1.975780754240319403e-02
4.210526315789473450e+00,4.445722840676502585e-01,4.633162264350690895e-01,-1.874394236741883102e-02
4.230576441102757101e+00,4.507084100661175041e-01,4.684122688384361188e-01,-1.770385877231861471e-02
4.250626566416039864e+00,4.565009801972146342e-01,4.731388806107205691e-01,-1.663790041350593496e-02
4.270676691729322627e+00,4.619458877472695790e-01,4.774923339350272133e-01,-1.554644618775763432e-02
4.290726817042606278e+00,4.670392831156708335e-01,4.814691952996485447e-01,-1.442991218397771114e-02
4.310776942355889929e+00,4.717775746545228577e-01,4.850663282060310166e-01,-1.328875355150815896e-02
4.330827067669172692e+00,4.761574293833323868e-01,4.882808956424902758e-01,-1.212346625915788900e-02
4.350877192982455455e+00,4.801757735988976816e-01,4.911103623217257796e-01,-1.093458872282809802e-02
4.370927318295739106e+00,4.838297933966196340e-01,4.935524966803681024e-01,-9.722703283748468372e-03
4.390977443609022757e+00,4.871169350997525682e-01,4.956053726389838543e-01,-8.488437539231286078e-03
4.411027568922305520e+00,4.900349056133015413e-01,4.972673711211496039e-01,-7.232465507848062636e-03
4.431077694235588282e+00,4.925816727136743123e-01,4.985371813303962063e-01,-5.955508616721894022e-03
4.451127819548871933e+00,4.947554652829158628e-01,4.994138017840167310e-01,-4.658336501100868166e-03
4.471177944862155584e+00,4.965547734957465598e-01,4.998965411029228090e-01,-3.341767607176249211e-03
4.491228070175438347e+00,4.979783489658239359e-01,4.999850185569262861e-01,-2.006669591102350214e-03
4.511278195488721110e+00,4.990252048570387178e-01,4.996791643650163040e-01,-6.539595079775861741e-04
4.531328320802004761e+00,4.996946159656655007e-01,4.989792197503942761e-01,7.153962152712245448e-04
4.551378446115288412e+00,4.999861187774605198e-01,4.978857367502247389e-01,2.100382027235780935e-03
4.571428571428571175e+00,4.998995115026901304e-01,4.963995777802507892e-01,3.499933722439341199e-03
4.591478696741853938e+00,4.994348540909253065e-01,4.945219149546175585e-01,4.912939136307747923e-03
4.611528822055137589e+00,4.985924682267429686e-01,4.922542291614417365e-01,6.338239065301232156e-03
4.631578947368421240e+00,4.973729373058333736e-01,4.895983088948544504e-01,7.774628410978923210e-03
4.651629072681704002e+00,4.957771063901078024e-01,4.865562488444387657e-01,9.220857545669036703e-03
4.671679197994986765e+00,4.938060821395255928e-01,4.831304482431760805e-01,1.067563389634951232e-02
4.691729323308270416e+00,4.914612327170398420e-01,4.793236089752016538e-01,1.213762374183818826e-02
4.711779448621554067e+00,4.887441876620594594e-01,4.751387334448649025e-01,1.360545421719455694e-02
4.731829573934836830e+00,4.856568377267863057e-01,4.705791222087720160e-01,1.507771551801428966e-02
4.751879699248119593e+00,4.822013346687478719e-01,4.656483713726792262e-01,1.655296329606864569e-02
4.771929824561403244e+00,4.783800909917942934e-01,4.603503697552921436e-01,1.802972123650214975e-02
4.791979949874686895e+00,4.741957796267720626e-01,4.546892958212055413e-01,1.950648380556652128e-02
4.812030075187969658e+00,4.696513335438758929e-01,4.486696143854026486e-01,2.098171915847324431e-02
4.832080200501252421e+00,4.647499452860993086e-01,4.422960730919129890e-01,2.245387219418631952e-02
4.852130325814536072e+00,4.594950664108577443e-01,4.355736986694089263e-01,2.392136774144881795e-02
4.872180451127819723e+00,4.538904068293544980e-01,4.285077929666905594e-01,2.538261386266393860e-02
4.892230576441102485e+00,4.479399340294401011e-01,4.211039287711856316e-01,2.683600525825446947e-02
4.912280701754385248e+00,4.416478721756631476e-01,4.133679454137663689e-01,2.827992676189677868e-02
4.932330827067668899e+00,4.350187010735719895e-01,4.053059441633438120e-01,2.971275691022817744e-02
4.952380952380952550e+00,4.280571549706400636e-01,3.969242834148791199e-01,3.113287155576094367e-02
4.972431077694235313e+00,4.207682211873411959e-01,3.882295736745995929e-01,3.253864751274160305e-02
4.992481203007518076e+00,4.131571385722976886e-01,3.792286723463775266e-01,3.392846622592016192e-02
5.012531328320801727e+00,4.052293957794517731e-01,3.699286783233867171e-01,3.530071745606505607e-02
5.032581453634085378e+00,3.969907293097409973e-01,3.603369263892989838e-01,3.665380292044201349e-02
5.052631578947368141e+00,3.884471213241040277e-01,3.504609814334357365e-01,3.798613989066829122e-02
5.072681704260650903e+00,3.796047972484283828e-01,3.403086324844365462e-01,3.929616476399183655e-02
5.092731829573934554e+00,3.704702231317988370e-01,3.298878865671568406e-01,4.058233656464199646e-02
5.112781954887218205e+00,3.610501027058169443e-01,3.192069623876319651e-01,4.184314031818497925e-02
5.132832080200500968e+00,3.513513741725239337e-01,3.082742838510891259e-01,4.307709032143480776e-02
5.152882205513783731e+00,3.413812067704577458e-01,2.970984734181257303e-01,4.428273335233201546e-02
5.172932330827067382e+00,3.311469969847506967e-01,2.856883453042848853e-01,4.545865168046581140e-02
5.192982456140351033e+00,3.206563644373605637e-01,2.740528985284023111e-01,4.660346590895825258e-02
5.213032581453633796e+00,3.099171475154773869e-01,2.622013098151960708e-01,4.771583770028131610e-02
5.233082706766916559e+00,2.989373986807883909e-01,2.501429263577022444e-01,4.879447232308614657e-02
5.253132832080200210e+00,2.877253794006783272e-01,2.378872584452674244e-01,4.983812095541090281e-02
5.273182957393483861e+00,2.762895547552060016e-01,2.254439719629096339e-01,5.084558279229636768e-02
5.293233082706766623e+00,2.646385877781664009e-01,2.128228807679594103e-01,5.181570701020699055e-02
5.313283208020049386e+00,2.527813333997758205e-01,2.000339389499971310e-01,5.274739444977868952e-02
5.333333333333333037e+00,2.407268320487533919e-01,1.870872329801956668e-01,5.363959906855772508e-02
5.353383458646616688e+00,2.284843029301331374e-01,1.739929737562522782e-01,5.449132917388085917e-02
5.373433583959899451e+00,2.160631370121652572e-01,1.607614885491850110e-01,5.530164846298024628e-02
5.393483709273182214e+00,2.034728896333620474e-01,1.474032128583510903e-01,5.606967677501095704e-02
5.413533834586465865e+00,1.907232727990301191e-01,1.339286821811026817e-01,5.679459061792743735e-02
5.433583959899749516e+00,1.778241471623489556e-01,1.203485237035814837e-01,5.747562345876747192e-02
5.453634085213032279e+00,1.647855137233597000e-01,1.066734479191941004e-01,5.811206580416559964e-02
5.473684210526315042e+00,1.516175052213752095e-01,9.291424018138408347e-02,5.870326503999112600e-02
5.493734335839598693e+00,1.383303772407338539e-01,7.908175219736646167e-02,5.924862504336739222e-02
5.513784461152882344e+00,1.249344990560824764e-01,6.518689346952991071e-02,5.974760558655256570e-02
5.533834586466165106e+00,1.114403442280673534e-01,5.124062269125317232e-02,6.019972153681418109e-02
5.553884711779447869e+00,9.785848096894864123e-02,3.725393910392464647e-02,6.060454186502399476e-02
5.573934837092731520e+00,8.419956229519166835e-02,2.323787382198807747e-02,6.096168847320358741e-02
5.593984962406015171e+00,7.047431598616665793e-02,9.203481132846424301e-03,6.127083485332023016e-02
5.614035087719297934e+00,5.669353436986430267e-02,-4.838170221512286956e-03,6.153170459137659309e-02
5.634085213032580697e+00,4.286806395805163594e-02,-1.887600577428480766e-02,6.174406973233644014e-02
5.654135338345864348e+00,2.900879495659569943e-02,-3.289895406814247886e-02,6.190774902473818175e-02
5.674185463659147999e+00,1.512665067234079605e-02,-4.689595538714084327e-02,6.202260605948163585e-02
5.694235588972430762e+00,1.232576843141742172e-03,-6.085597047937522930e-02,6.208854732251697234e-02
5.714285714285713524e+00,-1.266246908646211089e-02,-7.476798926349655094e-02,6.210552017703444005e-02
5.734335839598997175e+00,-2.654752871997699548e-02,-8.862103951221494968e-02,6.207351079223795420e-02
5.754385964912280826e+00,-4.041165346016667437e-02,-1.024041955059520337e-01,6.199254204578535932e-02
5.774436090225563589e+00,-5.424391524002259574e-02,-1.161065866498173504e-01,6.186267140979475471e-02
5.794486215538846352e+00,-6.803341720553694738e-02,-1.297174060470979440e-01,6.168398884156099660e-02
5.814536340852130003e+00,-8.176930432531823167e-02,-1.432259190225233514e-01,6.145661469720511971e-02
5.834586466165413654e+00,-9.544077390000367533e-02,-1.566214715885576314e-01,6.118069768855395607e-02
5.854636591478696417e+00,-1.090370859498804440e-01,-1.698934988480625130e-01,6.085641289818206900e-02
5.874686716791979180e+00,-1.225475734569830832e-01,-1.830315333266954447e-01,6.048395986971236149e-02
5.894736842105262831e+00,-1.359616524393502668e-01,-1.960252132284678594e-01,6.006356078911759266e-02
5.914786967418546482e+00,-1.492688318364566169e-01,-2.088642906079566375e-01,5.959545877150002058e-02
5.934837092731829244e+00,-1.624587231827276657e-01,-2.215386394527262826e-01,5.907991626999861690e-02
5.954887218045112007e+00,-1.755210500525867523e-01,-2.340382636695841345e-01,5.851721361699738222e-02
5.974937343358395658e+00,-1.884456572609083946e-01,-2.463533049683666598e-01,5.790764770745826517e-02
5.994987468671679309e+00,-2.012225197975014979e-01,-2.584740506370424851e-01,5.725153083954098721e-02
6.015037593984962072e+00,-2.138417514875746717e-01,-2.703909412020030212e-01,5.654918971442834952e-02
6.035087719298244835e+00,-2.262936133657744986e-01,-2.820945779674957077e-01,5.580096460172120909e-02
6.055137844611528486e+00,-2.385685217444679929e-01,-2.935757304282507474e-01,5.500720868378275452e-02
6.075187969924812137e+00,-2.506570559523752517e-01,-3.048253435494588937e-01,5.416828759708364194e-02
6.095238095238094900e+00,-2.625499657741448556e-01,-3.158345449083599932e-01,5.328457913421513759e-02
6.115288220551377663e+00,-2.742381785597707844e-01,-3.265946516918086240e-01,5.235647313203783959e-02
6.135338345864661314e+00,-2.857128060165384786e-01,-3.370971775442934137e-01,5.138437152775493511e-02
6.155388471177944965e+00,-2.969651506286789533e-01,-3.473338392610136327e-01,5.036868863233467941e-02
6.175438596491227727e+00,-3.079867117504446750e-01,-3.572965633207359493e-01,4.930985157029127430e-02
6.195488721804510490e+00,-3.187691913868132554e-01,-3.669774922532764716e-01,4.820830086646321622e-02
6.215538847117794141e+00,-3.293044996489437604e-01,-3.763689908365814851e-01,4.706449118763772477e-02
6.235588972431077792e+00,-3.395847598182025751e-01,-3.854636521185288434e-01,4.587889230032626831e-02
6.255639097744360555e+00,-3.496023131113315530e-01,-3.942543032586960372e-01,4.465199014736448424e-02
6.275689223057643318e+00,-3.593497231604266817e-01,-4.027340111854815774e-01,4.338428802505489568e-02
6.295739348370926969e+00,-3.688197801571158618e-01,-4.108960880641324698e-01,4.207630790701660795e-02
6.315789473684210620e+00,-3.780055046284825360e-01,-4.187340965713480800e-01,4.072859194286554407e-02
6.335839598997493383e+00,-3.869001509979267950e-01,-4.262418549723147043e-01,3.934170397438790934e-02
6.355889724310776145e+00,-3.954972108554553056e-01,-4.334134419961597207e-01,3.791623114070441503e-02
6.375939849624059796e+00,-4.037904158888158679e-01,-4.402432015059795090e-01,3.645278561716364107e-02
6.395989974937343447e+00,-4.117737405797516348e-01,-4.467257469597598618e-01,3.495200638000822702e-02
6.416040100250626210e+00,-4.194414046894595072e-01,-4.528559656586721438e-01,3.341456096921263663e-02
6.436090225563908973e+00,-4.267878754672662089e-01,-4.586290227793928809e-01,3.184114731212667193e-02
6.456140350877192624e+00,-4.338078696036879456e-01,-4.640403651872646029e-01,3.023249558357665734e-02
6.476190476190476275e+00,-4.404963550323567345e-01,-4.690857250272930656e-01,2.858936999493633113e-02
6.496240601503759038e+00,-4.468485525169568207e-01,-4.737611230901495052e-01,2.691257057319268453e-02
6.516290726817041801e+00,-4.528599370300374627e-01,-4.780628719505214952e-01,2.520293492048403250e-02
6.536340852130325452e+00,-4.585262389688247731e-01,-4.819875788753363310e-01,2.346133990651155798e-02
6.556390977443609103e+00,-4.638434452395690522e-01,-4.855321484995649417e-01,2.168870325999588955e-02
6.576441102756891866e+00,-4.688078001824377838e-01,-4.886937852674962390e-01,1.988598508505845519e-02
6.596491228070174628e+00,-4.734158063614563594e-01,-4.914699956375557788e-01,1.805418927609941937e-02
6.616541353383458279e+00,-4.776642252397166333e-01,-4.938585900489289027e-01,1.619436480921226940e-02
6.636591478696741930e+00,-4.815500777619990957e-01,-4.958576846484384348e-01,1.430760688643933909e-02
6.656641604010024693e+00,-4.850706448375017854e-01,-4.974657027763154660e-01,1.239505793881368056e-02
6.676691729323307456e+00,-4.882234677397814804e-01,-4.986813762096905522e-01,1.045790846990907186e-02
6.696741854636591107e+00,-4.910063484362968689e-01,-4.995037461628237807e-01,8.497397726526911832e-03
6.716791979949874758e+00,-4.934173498569575100e-01,-4.999321640432872194e-01,6.514814186329709322e-03
6.736842105263157521e+00,-4.954547961110584708e-01,-4.999662919635008418e-01,4.511495852442370946e-03
6.756892230576440284e+00,-4.971172726585501578e-01,-4.996061030072203035e-01,2.488830348670145742e-03
6.776942355889723935e+00,-4.984036264424593909e-01,-4.988518812507652389e-01,4.482548083058479627e-04
6.796992481203007586e+00,-4.993129659890642724e-01,-4.977042215389721469e-01,-1.608744450092125522e-03
6.817042606516290348e+00,-4.998446614805412969e-01,-4.961640290160480582e-01,-3.680632464493238665e-03
6.837092731829573111e+00,-4.999983448037441103e-01,-4.942325184116949099e-01,-5.765826392049200333e-03
6.857142857142856762e+00,-4.997739095777696261e-01,-4.919112130830681218e-01,-7.862696494701504335e-03
6.877192982456140413e+00,-4.991715111615595557e-01,-4.892019438133251574e-01,-9.969567348234398274e-03
6.897243107769423176e+00,-4.981915666427403355e-01,-4.861068473677106483e-01,-1.208471927502968724e-02
6.917293233082705939e+00,-4.968347548061976537e-01,-4.826283648083170008e-01,-1.420638999788065293e-02
6.937343358395989590e+00,-4.951020160810521431e-01,-4.787692395688509794e-01,-1.633277651220116367e-02
6.957393483709273241e+00,-4.929945524631568765e-01,-4.745325152909240507e-01,-1.846203717223282581e-02
6.977443609022556004e+00,-4.905138274091520589e-01,-4.699215334235715136e-01,-2.059229398558054536e-02
6.997493734335838766e+00,-4.876615656971018953e-01,-4.649399305878949007e-01,-2.272163510920699458e-02
7.017543859649122417e+00,-4.844397532476960033e-01,-4.595916357089067095e-01,-2.484811753878929386e-02
7.037593984962406068e+00,-4.808506368989590163e-01,-4.538808669168394871e-01,-2.696976998211952914e-02
7.057644110275688831e+00,-4.768967241263547541e-01,-4.478121282203612608e-01,-2.908459590599349331e-02
7.077694235588971594e+00,-4.725807826992594052e-01,-4.413902059543216017e-01,-3.119057674493780352e-02
7.097744360902255245e+00,-4.679058402662117366e-01,-4.346201650048329146e-01,-3.328567526137882204e-02
7.117794486215538896e+00,-4.628751838561223075e-01,-4.275073448146616828e-01,-3.536783904146062474e-02
7.137844611528821659e+00,-4.574923592841366182e-01,-4.200573551720792054e-01,-3.743500411205741285e-02
7.157894736842104422e+00,-4.517611704503037284e-01,-4.122760717864933921e-01,-3.948509866381033628e-02
7.177944862155388073e+00,-4.456856785171836588e-01,-4.041696316543568201e-01,-4.151604686282683865e-02
7.197994987468671724e+00,-4.392702009640333527e-01,-3.957444282189941376e-01,-4.352577274503921512e-02
7.218045112781954487e+00,-4.325193104930401544e-01,-3.870071063281802504e-01,-4.551220416485990405e-02
7.238095238095237249e+00,-4.254378337706392066e-01,-3.779645569934345639e-01,-4.747327677720464267e-02
7.258145363408520900e+00,-4.180308499921925880e-01,-3.686239119551682486e-01,-4.940693803702433939e-02
7.278195488721804551e+00,-4.103036892767554233e-01,-3.589925380579774838e-01,-5.131115121877793950e-02
7.298245614035087314e+00,-4.022619308617881306e-01,-3.490780314405076967e-01,-5.318389942128043391e-02
7.318295739348370077e+00,-3.939114010632912555e-01,-3.388882115444771248e-01,-5.502318951881413067e-02
7.338345864661653728e+00,-3.852581710041897978e-01,-3.284311149475865332e-01,-5.682705605660326453e-02
7.358395989974937379e+00,-3.763085541449195381e-01,-3.177149890251767528e-01,-5.859356511974278536e-02
7.378446115288220142e+00,-3.670691035298126459e-01,-3.067482854456304309e-01,-6.032081808418221502e-02
7.398496240601502905e+00,-3.575466087452849884e-01,-2.955396535046502793e-01,-6.200695524063470909e-02
7.418546365914786556e+00,-3.477480926242616510e-01,-2.840979333036740551e-01,-6.365015932058759596e-02
7.438596491228070207e+00,-3.376808076968589312e-01,-2.724321487778034179e-01,-6.524865891905551329e-02
7.458646616541352969e+00,-3.273522322805326734e-01,-2.605515005787431004e-01,-6.680073170178957298e-02
7.478696741854635732e+00,-3.167700662593538885e-01,-2.484653588183657058e-01,-6.830470744098818270e-02
7.498746867167919383e+00,-3.059422266201550222e-01,-2.361832556786283843e-01,-6.975897094152663791e-02
7.518796992481203034e+00,-2.948768426157667988e-01,-2.237148778936670912e-01,-7.116196472209970758e-02
7.538847117794485797e+00,-2.835822505755511425e-01,-2.110700591099947676e-01,-7.251219146555637485e-02
7.558897243107768560e+00,-2.720669884109434555e-01,-1.982587721308310125e-01,-7.380821628011244306e-02
7.578947368421052211e+00,-2.603397898258045795e-01,-1.852911210506844042e-01,-7.504866877512017531e-02
7.598997493734335862e+00,-2.484095781281214499e-01,-1.721773332863867911e-01,-7.623224484173465876e-02
7.619047619047618625e+00,-2.362854597085261577e-01,-1.589277515108618866e-01,-7.735770819766427109e-02
7.639097744360901387e+00,-2.239767172149111918e-01,-1.455528254959917445e-01,-7.842389171891944732e-02
7.659147869674185038e+00,-2.114928024039625931e-01,-1.320631038710242400e-01,-7.942969853293835314e-02
7.679197994987468689e+00,-1.988433286321976134e-01,-1.184692258030004136e-01,-8.037410282919719984e-02
7.699248120300751452e+00,-1.860380630354512566e-01,-1.047819126057884381e-01,-8.125615042966281842e-02
7.719298245614034215e+00,-1.730869184021752716e-01,-9.101195928432109783e-02,-8.207495911785417375e-02
7.739348370927317866e+00,-1.599999447677200592e-01,-7.717022602071384185e-02,-8.282971874700621739e-02
7.759398496240601517e+00,-1.467873206943786923e-01,-6.326762960898646426e-02,-8.351969108539222808e-02
7.779448621553884280e+00,-1.334593442830509791e-01,-4.931513484512781847e-02,-8.414420943792316754e-02
7.799498746867167043e+00,-1.200264239246984221e-01,-3.532374587930276616e-02,-8.470267804539566292e-02
7.819548872180450694e+00,-1.064990688101156019e-01,-2.130449753702466989e-02,-8.519457127309093547e-02
7.839598997493734345e+00,-9.288787921572218276e-02,-7.268446616134553555e-03,-8.561943259958762487e-02
7.859649122807017108e+00,-7.920353658314197021e-02,6.773336833552533014e-03,-8.597687341669450756e-02
7.879699248120299870e+00,-6.545679341238461180e-02,2.080977824105281412e-02,-8.626657165343742939e-02
7.899749373433583521e+00,-5.165846299016928211e-02,3.482980724858133342e-02,-8.648827023875060860e-02
7.919799498746867172e+00,-3.781940897662262879e-02,4.882236644259658337e-02,-8.664177541921921910e-02
7.939849624060149935e+00,-2.395053487514029952e-02,6.277642007463977991e-02,-8.672695494978008290e-02
7.959899749373432698e+00,-1.006277340833174744e-02,7.668096276508709619e-02,-8.674373617341885057e-02
7.979949874686716349e+00,3.832924174204888935e-03,9.052502818294685949e-02,-8.669210400874197142e-02
8.000000000000000000e+00,1.772559883491549304e-02,1.042976976948597201e-01,-8.657209885994422705e-02
